{"Test Accuracy": 0.08668391719745223, "_timestamp": 1735569751.0239387, "_runtime": 12.530895709991455, "_step": 0, "_wandb": {"runtime": 10}}