{"Test Accuracy": 0.9916134185303515, "_timestamp": 1728033795.7805662, "_runtime": 721.2382953166962, "_step": 40, "Train Loss": 0.012063090768012522, "Train Accuracy": 0.9965666666667125, "_wandb": {"runtime": 720}}