{"acc/test": 87.82051086425781, "epoch": 0, "trainer/global_step": 0, "_timestamp": 1730019556.3448362, "_runtime": 10.776874303817749, "_step": 0, "_wandb": {"runtime": 9}}