{"acc/test": 9.725561141967773, "epoch": 0, "trainer/global_step": 0, "_timestamp": 1730019056.588753, "_runtime": 11.11583399772644, "_step": 0, "_wandb": {"runtime": 9}}