{"acc/test": 88.45152282714844, "epoch": 0, "trainer/global_step": 0, "_timestamp": 1730035135.4879243, "_runtime": 13.539762258529663, "_step": 0, "_wandb": {"runtime": 11}}