{"Test Accuracy": 0.6394768370607029, "_timestamp": 1728032353.7753575, "_runtime": 331.61328959465027, "_step": 40, "Train Loss": 0.26606036917326104, "Train Accuracy": 0.9059101087651995, "_wandb": {"runtime": 330}}