{"Test Accuracy": 0.7178514376996805, "_timestamp": 1728033796.3004153, "_runtime": 654.6580982208252, "_step": 40, "Train Loss": 0.0913675201788156, "Train Accuracy": 0.9694297824696085, "_wandb": {"runtime": 653}}