{"Test Accuracy": 0.6911823248407644, "_timestamp": 1735623238.9335139, "_runtime": 13.008225917816162, "_step": 0, "_wandb": {"runtime": 10}}