{"acc/test": 9.985977172851562, "epoch": 0, "trainer/global_step": 0, "_timestamp": 1730020914.4701347, "_runtime": 12.313857793807983, "_step": 0, "_wandb": {"runtime": 10}}