{"Test Accuracy": 0.11002396166134186, "_timestamp": 1735569710.8766496, "_runtime": 11.807451725006104, "_step": 0, "_wandb": {"runtime": 9}}