{"Test Accuracy": 0.6922923322683706, "_timestamp": 1728033050.4689329, "_runtime": 245.6902298927307, "_step": 16, "Train Loss": 0.345850209159131, "Train Accuracy": 0.8771593090211154}