{"test/_loss": 0.8374735713005066, "test/_acc": 0.8109575510025024, "epoch": 0, "trainer/global_step": 0, "_timestamp": 1732243470.4136891, "_runtime": 416.5568370819092, "_step": 0, "_wandb": {"runtime": 415}}