{"acc/test": 86.56851196289062, "epoch": 0, "trainer/global_step": 0, "_timestamp": 1730021203.7942858, "_runtime": 11.603747844696045, "_step": 0, "_wandb": {"runtime": 10}}