{"acc/test": 85.30648803710938, "epoch": 0, "trainer/global_step": 0, "_timestamp": 1730019812.5801666, "_runtime": 11.781416654586792, "_step": 0, "_wandb": {"runtime": 10}}