{"acc/test": 9.985977172851562, "epoch": 0, "trainer/global_step": 0, "_timestamp": 1730018558.851509, "_runtime": 12.68691110610962, "_step": 0, "_wandb": {"runtime": 11}}