{"test_loss": 0.8374735713005066, "test_acc": 0.8109575510025024, "epoch": 0, "trainer/global_step": 0, "_timestamp": 1732192482.1223848, "_runtime": 418.8646297454834, "_step": 0, "_wandb": {"runtime": 417}}