{"Test Accuracy": 0.9878194888178914, "_timestamp": 1728033534.2023323, "_runtime": 432.0432221889496, "_step": 40, "Train Loss": 0.015907112383262714, "Train Accuracy": 0.9961333333333788, "_wandb": {"runtime": 430}}