{"Test Accuracy": 0.14331210191082802, "_timestamp": 1735569953.5794215, "_runtime": 12.856709480285645, "_step": 0, "_wandb": {"runtime": 9}}