{"Test Accuracy": 0.14331210191082802, "_timestamp": 1735622567.5225296, "_runtime": 12.173426628112793, "_step": 0, "_wandb": {"runtime": 9}}