{"acc/test": 89.67347717285156, "epoch": 0, "trainer/global_step": 0, "_timestamp": 1730019845.5092354, "_runtime": 13.221157312393188, "_step": 0, "_wandb": {"runtime": 11}}