{"acc/test": 86.54847717285156, "epoch": 0, "trainer/global_step": 0, "_timestamp": 1730021260.528391, "_runtime": 10.972275972366333, "_step": 0, "_wandb": {"runtime": 9}}