{"acc/test": 88.06089782714844, "epoch": 0, "trainer/global_step": 0, "_timestamp": 1730019624.9527597, "_runtime": 11.435778856277466, "_step": 0, "_wandb": {"runtime": 9}}