{"acc/test": 88.76201629638672, "epoch": 0, "trainer/global_step": 0, "_timestamp": 1730035083.1841395, "_runtime": 14.789398431777954, "_step": 0, "_wandb": {"runtime": 12}}