{"acc/test": 11.899038314819336, "epoch": 0, "trainer/global_step": 0, "_timestamp": 1730020882.00516, "_runtime": 11.947875022888184, "_step": 0, "_wandb": {"runtime": 10}}