{"loss/train": 4.529258728027344, "acc/train": 0.0, "epoch": 0, "trainer/global_step": 29, "_timestamp": 1727801258.5676215, "_runtime": 13.37379240989685, "_step": 29, "_wandb": {"runtime": 13}}