{"Test Accuracy": 0.10782747603833866, "_timestamp": 1735569307.707791, "_runtime": 12.258320093154907, "_step": 0, "_wandb": {"runtime": 10}}