{"acc/test": 87.79046630859375, "epoch": 0, "trainer/global_step": 0, "_timestamp": 1730021146.723234, "_runtime": 11.757078886032104, "_step": 0, "_wandb": {"runtime": 10}}