{"acc/test": 84.45513153076172, "epoch": 0, "trainer/global_step": 0, "_timestamp": 1730019315.2218401, "_runtime": 10.9725980758667, "_step": 0, "_wandb": {"runtime": 9}}