{"acc/test": 88.45152282714844, "epoch": 0, "trainer/global_step": 0, "_timestamp": 1730019776.2464042, "_runtime": 11.580159187316895, "_step": 0, "_wandb": {"runtime": 9}}