{"acc/test": 88.0809326171875, "epoch": 0, "trainer/global_step": 0, "_timestamp": 1730019702.7056975, "_runtime": 13.754160642623901, "_step": 0, "_wandb": {"runtime": 11}}