{"acc/test": 88.45152282714844, "epoch": 0, "trainer/global_step": 0, "_timestamp": 1730035149.939436, "_runtime": 10.778209924697876, "_step": 0, "_wandb": {"runtime": 9}}