{"acc/test": 9.985977172851562, "epoch": 0, "trainer/global_step": 0, "_timestamp": 1730018901.4045846, "_runtime": 10.99339771270752, "_step": 0, "_wandb": {"runtime": 9}}