{"acc/test": 9.725561141967773, "epoch": 0, "trainer/global_step": 0, "_timestamp": 1730019222.1340284, "_runtime": 11.138376474380493, "_step": 0, "_wandb": {"runtime": 9}}