{"acc/test": 88.45152282714844, "epoch": 0, "trainer/global_step": 0, "_timestamp": 1730019742.545406, "_runtime": 13.608575105667114, "_step": 0, "_wandb": {"runtime": 12}}