{"acc/test": 9.995993614196777, "epoch": 0, "trainer/global_step": 0, "_timestamp": 1730020891.1082292, "_runtime": 13.34213924407959, "_step": 0, "_wandb": {"runtime": 11}}