{"Train Loss": 0.5436186078871502, "Train Accuracy": 0.8124000319897645, "_timestamp": 1728031854.8396788, "_runtime": 164.66722583770752, "_step": 17, "Test Accuracy": 0.6187100638977636, "_wandb": {"runtime": 173}}