{"acc/test": 87.12940979003906, "epoch": 0, "trainer/global_step": 0, "_timestamp": 1730019591.7120066, "_runtime": 11.46977949142456, "_step": 0, "_wandb": {"runtime": 9}}